C0:56:27:3A:34:29,48:F8:B3:24:A8:3F,F0:29:29:92:6B:50,B4:E9:B0:E5:0B:D0,Bin
31,70,61,43,1
44,70,61,44,1
42,68,56,44,1
49,64,56,40,1
56,69,53,40,1
41,70,55,44,1
45,68,63,45,1
43,70,63,45,1
40,70,61,51,1
44,70,62,51,1
45,70,62,44,1
40,70,57,41,1
43,70,57,49,1
46,70,49,43,1
41,70,56,44,1
39,70,58,47,1
44,70,64,48,1
41,70,64,44,1
43,70,52,53,1
40,70,58,41,1
44,67,53,48,1
44,68,50,45,1
38,70,55,48,1
42,70,56,48,1
41,70,56,47,1
44,70,61,41,1
47,70,66,44,1
36,70,50,47,1
40,69,50,43,1
44,70,52,41,1
33,70,59,41,1
42,67,60,42,1
36,70,58,43,1
37,67,55,47,1
40,68,57,47,1
36,66,56,47,1
44,69,56,45,1
23,70,55,47,1
49,64,56,49,1
40,70,56,49,1
35,70,60,54,2
35,65,55,53,2
36,70,49,49,2
38,65,57,49,2
30,68,55,48,2
24,68,53,49,2
35,66,53,52,2
36,70,64,45,2
42,70,59,45,2
42,70,58,45,2
42,70,55,48,2
33,70,55,48,2
36,70,63,49,2
39,66,60,47,2
39,70,65,51,2
39,70,58,52,2
37,66,61,46,2
39,68,58,47,2
32,70,55,47,2
38,70,60,48,2
39,70,54,44,2
37,70,54,51,2
38,68,57,49,2
38,65,57,49,2
37,70,54,48,2
39,70,54,48,2
33,69,54,45,2
30,69,55,50,2
40,69,63,44,2
39,67,51,46,2
26,67,58,45,2
30,70,57,44,2
37,70,66,44,2
37,67,58,46,2
33,70,64,43,2
35,69,64,47,2
35,70,59,47,2
34,70,57,44,2
29,65,60,45,2
32,64,61,43,2
32,66,59,43,2
32,65,62,39,2
29,68,58,41,2
32,67,54,44,2
35,69,61,41,2
39,69,61,40,2
40,70,56,46,2
36,68,61,47,2
34,70,53,49,2
33,67,57,48,2
25,69,48,43,3
25,59,50,45,3
25,66,41,50,3
31,63,52,50,3
33,65,53,42,3
34,64,56,42,3
36,67,56,39,3
32,62,53,42,3
37,66,59,39,3
31,66,59,38,3
34,70,58,46,3
34,70,60,41,3
37,68,53,39,3
32,68,54,39,3
35,66,56,40,3
37,63,58,40,3
34,70,58,43,3
33,70,58,43,3
34,70,58,44,3
35,70,61,44,3
35,70,56,44,3
33,67,52,42,3
36,68,52,42,3
31,70,53,44,3
29,70,53,44,3
31,66,56,44,3
34,65,53,44,3
37,67,56,44,3
36,64,55,41,3
32,69,57,41,3
32,66,53,44,3
33,64,55,44,3
27,68,55,44,3
27,68,58,44,3
27,67,55,44,3
27,67,55,45,3
26,70,58,44,3
24,60,56,45,3
21,70,59,47,3
21,70,56,47,3
21,70,56,47,3
29,68,48,45,3
29,64,51,45,3
29,66,54,45,3
25,65,53,45,3
25,64,53,50,3
25,63,54,50,3
24,65,52,50,3
28,63,48,50,3
32,62,54,50,3
31,63,55,50,3
38,70,59,49,3
31,68,64,49,3
38,70,64,54,3
33,70,55,52,3
33,70,59,50,3
32,70,60,51,3
35,70,60,47,3
36,70,51,49,3
33,70,53,44,3
32,69,58,45,3
38,67,57,50,3
34,70,57,50,4
36,70,52,50,4
30,64,55,54,4
35,65,54,44,4
35,63,56,43,4
32,65,53,49,4
34,62,53,49,4
29,62,56,48,4
26,68,54,45,4
33,70,53,48,4
33,69,54,39,4
32,69,55,46,4
30,68,55,49,4
23,67,56,49,4
36,68,54,47,4
30,70,58,47,4
34,69,58,53,4
36,66,56,51,4
36,60,56,50,4
39,70,46,50,4
36,69,53,50,4
34,68,58,47,4
31,66,52,46,4
30,69,47,47,4
30,68,50,48,4
31,67,50,42,4
23,66,50,42,4
32,66,50,45,4
32,66,50,48,4
32,69,60,51,4
39,61,60,48,4
38,62,54,47,4
38,60,56,43,4
35,64,61,43,4
38,64,53,49,4
29,65,53,45,4
32,66,51,50,4
28,67,53,48,4
38,68,52,48,4
33,63,51,48,4
24,61,50,48,4
31,68,49,47,4
31,70,49,44,4
33,64,47,44,4
32,70,54,48,4
32,64,50,48,4
29,64,48,49,4
29,63,51,46,4
29,65,52,46,4
29,68,49,45,4
30,64,49,44,4
26,64,53,47,4
28,64,48,47,5
25,58,54,44,5
31,67,51,44,5
28,66,53,46,5
28,66,50,47,5
24,66,47,45,5
29,61,53,44,5
28,64,53,46,5
31,67,56,46,5
33,63,60,44,5
34,64,57,48,5
33,63,58,45,5
33,62,58,49,5
33,67,44,48,5
21,66,54,45,5
32,66,49,48,5
34,66,49,47,5
34,64,49,48,5
34,61,53,47,5
34,65,53,51,5
26,61,49,50,5
26,62,53,48,5
24,62,53,50,5
24,61,53,52,5
24,62,47,52,5
24,65,49,52,5
24,61,57,52,5
24,66,54,49,5
29,65,54,46,5
34,64,50,47,5
26,60,52,45,5
29,60,52,47,5
29,63,52,45,5
23,63,49,44,5
30,63,48,43,5
31,63,48,43,5
31,64,49,43,5
33,64,49,44,5
28,66,49,44,5
26,66,51,45,5
26,62,50,45,5
38,63,55,51,5
38,65,55,51,5
38,61,55,51,6
24,64,43,51,6
24,63,43,55,6
32,64,47,48,6
29,59,50,50,6
29,61,49,48,6
29,58,51,47,6
28,60,49,50,6
31,58,51,51,6
31,58,48,51,6
33,60,47,51,6
33,62,53,51,6
31,64,53,55,6
35,59,54,47,6
25,57,51,53,6
25,57,47,53,6
28,56,51,52,6
28,57,53,52,6
28,55,48,52,6
31,54,51,53,6
31,54,51,48,6
31,53,50,49,6
31,56,48,50,6
31,55,49,51,6
22,61,51,56,6
22,61,51,56,6
24,60,53,56,6
24,60,52,56,6
24,62,52,56,6
23,67,41,49,6
23,60,41,42,6
34,64,51,52,6
34,62,56,54,6
29,61,50,50,6
29,61,43,46,6
24,58,45,50,6
26,61,44,51,6
26,61,44,49,6
28,61,44,47,6
28,61,45,49,6
28,60,44,46,6
23,59,44,47,6
23,57,42,51,6
23,60,50,48,6
26,64,49,52,6
25,63,48,49,6
25,62,48,46,6
22,63,47,51,6
22,63,48,50,6
22,64,44,48,6
21,63,44,50,6
21,60,49,51,6
21,59,47,52,6
23,61,47,48,6
23,61,39,44,6
23,62,44,46,6
25,60,44,44,6
25,58,41,44,6
25,60,38,45,6
25,59,43,43,6
25,59,50,44,6
25,60,52,42,6
25,58,49,45,6
25,59,48,46,6
25,58,47,46,6
20,53,50,46,6
20,60,47,45,6
32,62,50,46,6
32,62,45,44,6
23,54,45,43,6
23,57,48,43,6
21,54,44,44,6
21,55,50,44,6
22,51,48,44,6
21,54,49,42,6
22,57,48,52,6
23,62,38,56,7
23,61,44,56,7
23,65,42,54,7
27,65,41,57,7
27,66,41,57,7
27,53,45,54,7
27,65,43,60,7
24,51,44,58,7
24,64,39,60,7
24,63,40,59,7
25,61,44,49,7
23,58,44,61,7
31,68,44,61,7
31,68,44,56,7
25,58,43,56,7
25,62,45,58,7
25,61,39,55,7
25,65,44,51,7
27,58,40,53,7
27,66,44,54,7
22,64,36,52,7
21,64,46,53,7
21,60,41,53,7
21,65,47,53,7
21,65,48,53,7
21,59,48,54,7
21,57,40,53,7
21,60,50,45,7
29,67,50,46,7
29,58,47,40,7
29,60,45,52,7
33,67,45,58,7
30,65,42,55,7
29,64,43,59,7
28,65,46,57,7
28,66,47,56,7
26,62,45,58,7
24,61,41,56,7
32,58,45,54,7
33,60,49,51,7
32,61,49,51,7
29,62,49,54,7
29,56,49,52,7
29,59,44,59,7
29,60,42,57,7
29,57,46,57,7
23,57,41,51,7
23,62,41,57,7
24,62,41,53,7
26,60,41,53,7
26,54,46,48,7
20,59,44,49,7
20,60,42,49,7
20,58,44,46,7
24,55,42,46,7
24,61,43,47,7
24,58,42,46,7
25,57,41,46,7
25,56,38,46,7
24,56,39,46,7
24,55,45,46,7
24,54,38,46,7
24,55,40,46,7
21,57,40,42,7
21,57,41,50,7
23,61,44,50,7
23,57,45,50,7
23,53,45,48,7
23,55,42,53,7
22,55,43,47,7
22,58,44,45,7
22,56,48,46,7
28,54,48,46,7
28,54,44,52,7
28,53,41,46,7
28,58,44,46,7
25,56,43,46,7
25,56,44,52,7
22,55,41,52,7
22,57,41,52,7
22,57,41,54,7
22,52,41,54,7
22,57,42,50,7
22,61,46,52,7
22,59,42,50,7
27,57,42,50,7
27,57,48,52,7
20,57,44,51,7
20,60,40,44,7
20,58,41,44,7
20,57,38,50,7
20,59,36,48,7
27,58,47,51,7
26,58,43,51,7
26,55,40,49,7
23,55,43,55,7
23,59,45,55,7
32,57,45,59,7
32,63,42,53,7
34,64,41,53,7
32,69,42,55,7
36,69,40,55,7
29,66,41,55,7
33,70,45,58,7
33,64,47,60,7
33,57,39,55,7
33,56,39,60,7
33,59,44,59,7
26,57,44,58,7
26,54,42,63,7
26,62,43,60,7
26,58,39,63,7
26,54,42,63,7
26,59,37,59,7
26,59,46,58,7
27,58,45,66,7
27,55,44,59,7
27,57,44,63,7
26,60,44,62,7
25,58,44,64,7
31,60,44,57,7
33,54,44,59,7
33,59,44,56,7
32,52,39,66,7
31,53,40,67,7
27,52,38,58,7
35,53,36,61,7
26,54,36,57,7
32,54,36,63,7
29,57,39,63,7
34,58,39,63,7
35,53,41,61,7
27,54,41,57,7
28,53,39,56,7
29,57,38,62,7
29,48,41,64,8
29,47,39,67,8
29,53,38,63,8
29,52,39,66,8
29,50,39,62,8
29,49,26,58,8
29,47,26,55,8
29,48,32,58,8
29,50,32,54,8
29,47,35,56,8
32,50,37,54,8
32,49,33,55,8
32,52,33,55,8
31,49,33,55,8
33,52,31,59,8
31,52,35,60,8
29,48,35,54,8
30,52,35,57,8
30,47,35,58,8
30,41,33,45,8
30,49,28,50,8
23,50,28,50,8
23,48,28,52,8
23,46,30,52,8
27,46,36,52,8
27,50,36,48,8
27,54,36,51,8
27,46,36,50,8
27,41,28,49,8
32,43,23,49,8
33,45,36,52,8
34,42,36,50,8
39,49,34,50,8
33,47,34,51,8
33,47,34,48,8
32,48,30,54,8
29,47,30,53,8
25,45,30,51,8
25,47,30,53,8
35,46,30,47,8
38,47,30,53,8
35,49,37,48,8
29,48,37,47,8
32,46,37,52,8
35,42,37,50,8
27,42,37,50,8
28,41,33,52,8
32,44,33,49,8
36,49,33,49,8
38,49,33,49,8
32,51,33,54,8
32,43,29,54,8
39,46,30,42,8
35,45,30,51,8
34,46,30,50,8
31,46,30,47,8
31,46,30,47,8
36,42,28,48,8
41,42,28,46,8
35,42,29,45,8
39,40,29,47,8
37,46,36,55,8
26,48,36,51,8
33,49,32,51,8
31,47,31,52,8
33,45,29,51,8
33,45,29,50,8
33,47,29,46,8
33,47,35,48,8
28,48,35,49,8
28,43,35,47,8
28,47,35,50,8
28,50,35,54,8
28,45,30,58,8
28,41,32,50,8
28,47,32,53,8
28,47,32,51,8
29,52,36,51,8
24,43,39,51,8
29,41,32,47,8
29,46,32,51,8
33,49,32,51,8
37,46,32,49,8
37,43,30,49,8
29,46,30,49,8
25,45,30,48,8
29,44,30,48,9
31,44,30,45,9
26,44,25,41,9
32,43,25,46,9
28,41,25,46,9
27,44,23,42,9
29,47,23,50,9
35,49,23,51,9
35,46,26,45,9
35,45,26,45,9
34,41,27,40,9
35,40,27,42,9
32,41,27,41,9
34,42,27,41,9
32,41,27,45,9
32,43,27,41,9
36,38,27,41,9
34,42,27,46,9
34,41,27,46,9
33,42,27,38,9
37,42,27,43,9
34,40,27,43,9
34,39,27,40,9
29,41,27,44,9
34,41,27,43,9
31,40,30,43,9
36,44,30,47,9
32,45,30,38,9
38,43,30,43,9
39,39,30,38,9
32,42,30,43,9
41,42,30,42,9
39,41,30,39,9
38,39,30,45,9
31,39,30,39,9
32,42,30,37,9
41,42,30,41,9
41,39,30,39,9
36,40,30,45,9
40,43,28,45,9
39,40,28,45,9
44,39,28,45,9
35,42,28,41,9
41,41,28,45,9
40,38,28,37,9
43,36,28,42,9
38,40,28,42,9
38,41,28,43,9
39,39,28,43,9
41,39,28,40,9
38,37,28,40,9
37,45,28,38,9
41,38,28,38,9
43,38,28,38,9
40,38,28,40,9
42,35,28,40,9
42,39,28,37,9
39,43,28,37,9
43,40,28,37,9
42,32,28,37,9
44,37,28,35,9
40,47,25,35,9
43,39,25,35,9
43,42,25,40,9
41,48,25,40,9
42,43,25,44,9
46,32,25,37,9
40,41,25,36,9
42,39,25,43,9
40,37,25,43,9
41,48,25,41,9
44,32,25,41,9
39,30,25,41,9
40,34,25,41,9
42,36,25,34,9
43,41,25,40,9
40,42,25,40,9
42,39,25,40,9
40,38,25,40,9
41,39,25,37,9
39,38,25,40,9
41,37,25,44,9
38,38,25,41,9
34,42,27,42,9
33,45,27,44,9
36,43,29,44,9
42,33,29,29,10
47,37,29,41,10
44,39,29,36,10
42,38,29,34,10
49,42,32,40,10
44,46,32,40,10
46,41,32,38,10
48,39,33,39,10
47,41,33,39,10
48,39,33,39,10
47,39,33,37,10
44,41,33,42,10
45,36,33,40,10
46,41,33,44,10
45,37,33,41,10
44,41,33,41,10
45,43,33,42,10
43,38,33,41,10
43,40,33,40,10
44,39,33,40,10
47,40,33,41,10
46,40,33,39,10
45,39,33,42,10
43,35,33,38,10
44,39,33,41,10
45,39,33,40,10
47,41,31,42,10
44,39,31,42,10
46,40,31,42,10
48,38,31,40,10
52,44,31,40,10
50,39,31,34,10
49,43,31,41,10
47,47,31,41,10
48,45,31,41,10
47,47,31,41,10
45,39,31,41,10
46,45,31,37,10
45,46,31,36,10
48,41,31,40,10
51,39,31,40,10
52,42,31,37,10
52,39,31,38,10
52,36,31,38,10
46,41,31,40,10
51,34,31,36,10
49,41,31,36,10
48,42,31,36,10
48,38,23,36,10
44,42,23,36,10
47,34,23,36,10
48,34,23,36,10
54,34,23,36,10
51,42,23,38,10
52,39,23,41,10
47,40,23,41,10
51,41,23,36,10
54,41,23,36,10
57,44,23,41,10
49,34,23,41,10
45,41,23,41,10
43,35,23,36,10
48,35,23,34,10
48,38,23,35,10
45,33,23,38,10
53,40,23,38,10
52,40,23,44,10
51,36,23,44,10
51,33,23,44,10
51,38,23,44,10
49,42,32,38,10
47,34,32,38,10
52,34,32,40,10
52,37,32,42,10
48,43,32,41,10
46,41,32,41,10
54,37,32,40,10
51,34,32,34,10
52,33,32,36,10
55,39,32,36,10
55,41,32,39,10
55,41,32,40,10
48,40,32,41,10
47,34,32,39,10
57,38,32,39,10
51,42,32,39,10
51,41,32,39,10
51,40,32,37,10
47,41,32,34,10
51,44,32,34,10
52,41,32,36,10
52,38,32,37,10
54,33,32,37,10
51,45,30,37,10
51,42,30,42,10
45,40,30,38,10
43,37,30,37,10
51,42,30,39,10
49,35,30,39,10
46,36,30,38,10
48,38,31,38,10
46,40,31,39,10
48,36,31,41,10
48,36,31,41,10
56,46,35,36,11
55,38,35,41,11
57,36,35,38,11
53,39,35,38,11
56,37,35,38,11
50,36,35,35,11
52,37,35,35,11
57,32,35,36,11
55,37,35,39,11
59,45,35,37,11
58,42,35,37,11
57,43,35,37,11
61,41,35,38,11
60,40,35,37,11
60,41,35,37,11
59,42,35,39,11
59,42,35,39,11
58,41,35,37,11
58,41,35,37,11
59,41,35,32,11
60,37,35,32,11
57,33,35,32,11
64,32,0,0,12
65,33,0,0,12
66,33,0,0,12
66,33,0,0,12
65,33,0,0,12
63,31,0,0,12
61,31,0,0,12
59,28,0,0,12
70,36,0,0,12
63,40,0,0,12
67,40,0,0,12
67,41,0,0,12
70,37,0,0,12
63,37,0,0,12
59,35,0,0,12
60,31,0,0,12
65,32,0,30,12
66,34,0,30,12
65,32,0,30,12
66,33,0,30,12
68,34,0,30,12
66,35,0,30,12
64,33,0,30,12
63,35,0,30,12
61,32,0,30,12
62,37,0,26,12
67,36,0,26,12
65,41,0,26,12
65,33,0,26,12
64,34,0,31,12
59,38,0,31,12
65,37,0,26,12
63,34,0,26,12
60,36,0,26,12
70,38,0,0,13
68,41,0,0,13
61,39,0,0,13
70,36,0,0,13
70,41,0,0,13
68,38,0,0,13
70,40,0,0,13
68,39,0,0,13
68,34,0,0,13
62,41,0,0,13
69,42,0,0,13
65,35,0,0,13
62,33,0,0,13
66,36,0,0,13
66,36,0,0,13
70,39,0,0,13
70,44,0,0,13
70,36,0,0,13
70,46,0,0,13
68,42,0,0,13
68,36,0,0,13
70,36,0,27,13
70,40,0,27,13
65,34,0,29,13
68,35,0,29,13
61,29,0,29,13
64,34,0,29,13
65,36,0,29,13
64,32,0,29,13
65,38,0,29,13
67,36,0,29,13
66,37,0,29,13
62,34,0,29,13
61,37,0,33,13
64,36,0,33,13
65,32,0,33,13
63,33,0,33,13
63,28,0,33,13
63,38,0,33,13
63,32,0,24,13
66,33,0,24,13
66,43,0,24,13
70,35,0,24,13
70,47,0,24,13
65,37,0,24,13
69,39,0,24,13
68,41,0,30,13
68,35,0,30,13
68,33,0,30,13
68,36,0,30,13
69,39,0,30,13
70,38,0,30,13
65,40,0,30,13
66,40,0,30,13
62,33,0,30,13
66,33,0,28,13
67,37,0,28,13
67,34,0,28,13
67,34,0,28,13
60,36,0,27,13
57,33,0,25,13
62,35,0,25,13
67,34,0,25,13
65,38,0,25,13
69,40,0,25,13
69,33,0,25,13
65,34,0,30,13
68,40,0,30,13
61,36,0,30,13
63,39,0,30,13
70,33,0,29,13
66,35,0,30,13
68,31,0,30,13
70,39,0,30,13
69,45,0,30,13
70,37,0,30,13
69,34,0,30,13
70,34,0,25,13
70,39,0,25,13
70,43,0,25,13
70,39,0,28,13
68,41,0,28,13
70,41,0,28,13
68,32,0,28,13
67,40,0,28,13
70,44,0,28,13
70,42,0,28,13
70,41,0,28,13
70,37,0,28,13
70,36,0,28,13
70,39,0,28,13
70,37,0,28,13
70,38,0,28,13
70,39,0,28,13
69,40,0,28,13
68,39,0,28,13
67,34,0,28,13
62,37,0,28,13
62,31,0,28,13
59,35,0,28,13
61,40,0,28,13
57,37,0,28,13
58,37,0,0,13
58,37,0,0,13
60,35,0,0,13
64,39,0,0,13
61,35,0,0,13
64,34,0,0,13
64,33,0,0,13
61,37,0,0,13
62,37,0,0,13
61,36,0,0,13
61,38,0,0,13
62,37,0,0,13
65,37,0,0,13
67,35,0,25,13
62,34,0,25,13
63,35,0,25,13
63,33,0,25,13
63,33,0,25,13
63,32,0,25,13
61,36,0,25,13
58,35,0,25,13
57,32,0,25,13
58,32,0,25,13
61,35,0,25,13
58,40,0,25,13
70,31,0,25,13
65,37,0,25,13
61,40,0,25,13
60,41,0,25,13
67,41,0,25,13
69,39,0,25,13
65,35,0,25,13
66,37,0,25,13
67,34,0,25,13
66,37,0,25,13
60,35,0,0,13
70,35,0,0,13
66,36,0,0,13
65,30,0,0,13
64,31,0,0,13
60,32,0,0,13
66,33,0,0,13
65,43,0,0,13
61,29,0,0,13
61,34,0,0,13
64,34,0,0,13
66,36,0,0,13
62,32,0,0,13
61,32,0,0,13
70,33,0,0,13
70,39,0,0,13
70,38,0,0,13
70,37,0,0,13
70,38,0,0,13
70,35,0,0,13
70,38,0,0,13
66,34,0,0,13
67,30,0,0,13
67,40,0,0,13
64,38,0,0,13
64,36,0,0,13
66,37,0,0,13
64,35,0,0,13
66,32,0,0,13
61,33,0,0,13
70,43,0,0,13
70,39,0,0,14
70,39,0,0,14
70,37,29,0,14
70,36,29,0,14
70,35,29,0,14
70,35,29,0,14
70,39,27,0,14
70,39,27,0,14
70,38,28,0,14
70,33,28,0,14
70,33,28,0,14
70,36,28,0,14
69,32,26,0,14
70,40,26,0,14
70,38,26,0,14
70,43,26,0,14
70,44,26,0,14
69,42,26,0,14
70,40,26,0,14
69,35,26,0,14
70,38,26,0,14
70,42,26,0,14
69,43,26,0,14
65,44,26,0,14
70,37,26,0,14
70,41,26,0,14
70,38,26,0,14
68,39,26,0,14
70,36,26,0,14
66,36,26,0,14
70,39,26,0,14
70,38,26,0,14
70,33,26,0,14
70,35,26,0,14
70,37,26,0,14
64,38,26,0,14
70,38,26,0,14
68,41,26,0,14
70,41,0,0,14
70,37,0,0,14
70,38,0,0,14
70,42,0,0,14
70,40,0,0,14
70,40,0,0,14
70,45,0,0,14
70,41,0,0,14
70,43,0,0,14
70,43,0,0,14
69,39,0,0,14
66,45,0,0,14
70,42,26,0,14
70,39,26,0,14
70,42,26,0,14
68,45,26,0,14
69,43,26,0,14
70,40,26,0,14
70,42,26,0,14
69,36,26,0,14
68,37,26,0,14
69,42,26,0,14
68,41,26,0,14
70,35,26,0,14
67,42,28,0,14
67,44,28,0,14
70,42,28,0,14
70,37,28,0,14
70,42,28,0,14
68,35,28,0,14
65,34,28,0,14
70,37,28,0,14
67,34,28,0,14
70,43,28,0,14
64,39,28,0,14
70,43,28,0,14
68,42,28,0,14
67,32,28,0,14
67,40,28,0,14
68,41,28,0,14
68,36,28,0,14
65,39,28,0,14
65,42,28,0,14
66,36,28,0,14
67,32,28,0,14
61,38,28,0,14
64,34,0,0,14
70,40,0,0,14
70,41,0,0,14
70,36,0,0,14
70,36,0,0,14
70,37,0,0,14
67,34,0,0,14
66,40,0,0,14
68,36,0,0,14
68,38,0,0,14
67,37,0,0,14
67,35,0,0,14
64,33,0,0,14
63,40,0,0,14
64,38,0,0,14
70,40,0,0,14
66,44,0,0,14
69,40,0,0,14
70,41,0,0,14
70,35,0,0,14
70,45,0,0,14
70,37,0,0,14
70,37,0,0,14
70,47,40,0,15
70,54,37,0,15
70,57,40,0,15
69,51,36,0,15
70,48,40,0,15
67,50,37,0,15
70,44,34,0,15
70,48,34,0,15
68,49,27,0,15
70,38,27,0,15
70,48,27,0,15
69,44,27,0,15
70,44,27,0,15
69,45,27,0,15
70,47,27,0,15
70,44,27,0,15
70,45,27,0,15
70,46,27,0,15
70,46,27,0,15
70,46,27,0,15
70,46,27,0,15
70,55,27,0,15
70,57,36,0,15
70,49,34,26,15
70,53,34,26,15
70,51,34,26,15
70,49,34,26,15
70,53,36,26,15
70,44,36,26,15
70,46,36,26,15
70,45,31,26,15
70,47,25,26,15
69,49,29,26,15
70,46,30,26,15
70,48,31,26,15
66,51,33,26,15
67,40,33,26,15
70,43,30,26,15
70,50,30,26,15
70,47,31,26,15
64,46,28,26,15
60,46,28,26,15
68,48,28,26,15
67,44,28,26,15
68,46,28,26,15
66,44,28,0,15
64,49,33,0,15
67,54,35,0,15
63,48,35,27,15
65,50,35,27,15
62,51,32,27,15
63,51,32,27,15
65,49,29,27,15
70,50,35,27,15
70,59,35,27,15
70,55,41,23,15
70,57,41,23,15
70,55,34,23,15
69,60,34,23,15
70,50,34,23,15
70,57,34,23,15
70,53,34,23,15
70,49,34,23,15
70,52,34,23,15
70,48,29,23,15
62,52,0,31,16
70,51,32,31,16
67,47,32,31,16
70,50,32,31,16
68,49,32,31,16
64,49,32,31,16
69,47,30,31,16
69,49,37,31,16
70,47,37,31,16
70,45,37,31,16
63,46,37,31,16
61,50,37,31,16
67,45,37,31,16
70,53,37,31,16
70,53,39,31,16
58,46,39,31,16
66,48,34,31,16
65,51,34,31,16
68,51,34,31,16
69,54,35,31,16
63,49,34,31,16
64,54,34,31,16
65,52,34,0,16
67,45,34,0,16
64,46,34,0,16
68,47,34,0,16
65,44,34,0,16
66,43,30,0,16
63,43,29,0,16
67,47,29,0,16
69,42,29,0,16
64,46,29,0,16
66,49,29,0,16
64,47,29,0,16
63,45,33,0,16
63,49,35,0,16
60,47,35,0,16
67,45,35,0,16
64,47,35,0,16
59,41,38,0,16
58,48,38,0,16
66,47,35,0,16
64,51,35,0,16
67,56,35,0,16
64,52,35,0,16
67,47,34,0,16
59,55,34,0,16
58,51,34,0,16
62,49,28,0,16
61,52,28,0,16
61,47,30,0,16
56,50,30,0,16
57,47,30,0,16
61,52,33,0,16
60,56,41,0,16
60,49,41,27,16
54,54,41,27,16
55,44,41,27,16
52,45,33,27,16
56,48,31,27,16
65,52,31,27,16
60,52,37,25,16
64,50,36,25,16
58,53,36,25,16
67,47,37,25,16
66,47,35,25,16
61,49,35,25,16
60,52,35,25,16
60,44,35,25,16
58,50,33,25,16
60,49,33,25,16
56,47,31,25,16
54,48,31,25,16
58,48,31,25,16
60,52,31,25,16
64,44,31,25,16
61,47,31,25,16
67,48,31,25,16
62,50,31,25,16
67,49,31,25,16
67,49,30,25,16
62,48,30,25,16
66,50,30,25,16
60,55,30,0,16
63,46,30,0,16
68,50,34,0,16
68,46,34,0,16
65,49,34,0,16
66,48,34,0,16
46,47,0,0,17
47,49,33,0,17
46,48,32,0,17
47,46,32,0,17
52,54,37,0,17
59,55,37,0,17
58,58,38,0,17
55,54,37,0,17
51,58,37,0,17
55,57,37,29,17
50,57,34,29,17
52,54,34,29,17
48,56,35,27,17
55,53,37,27,17
55,53,38,27,17
51,57,38,27,17
54,59,38,27,17
57,48,38,27,17
53,50,34,27,17
52,44,34,27,17
54,52,34,27,17
57,48,34,27,17
55,50,34,27,17
55,56,41,30,17
49,51,38,29,17
49,52,37,29,17
52,48,37,29,17
46,54,39,29,17
49,54,39,29,17
46,52,39,29,17
56,54,39,35,17
52,55,41,30,17
61,57,37,30,17
54,53,40,28,17
62,58,40,28,17
56,63,40,33,17
55,50,37,26,17
52,54,39,26,17
53,57,41,35,17
45,56,41,29,17
51,60,39,29,17
51,57,38,25,17
52,54,44,25,17
46,51,40,25,17
49,49,41,25,17
49,55,41,25,17
51,56,37,26,17
44,51,38,26,17
47,57,39,31,17
49,54,39,31,17
48,59,37,29,17
47,55,46,29,18
42,57,47,27,18
42,62,47,27,18
50,54,41,29,18
48,55,37,34,18
47,58,40,29,18
45,63,42,29,18
45,58,43,31,18
43,57,40,31,18
45,55,38,35,18
45,52,40,32,18
41,55,43,32,18
56,60,43,39,18
45,62,48,38,18
37,55,38,33,18
44,61,45,33,18
40,62,45,33,18
43,66,43,33,18
43,61,46,35,18
43,59,45,35,18
53,65,41,37,18
56,64,54,37,18
43,62,42,42,18
43,60,43,39,18
43,55,41,40,18
44,58,44,39,18
48,61,52,38,18
44,65,48,37,18
43,53,52,39,18
51,65,52,39,18
48,58,47,34,18
49,65,49,37,18
48,58,48,35,18
51,56,42,34,18
54,60,47,34,18
50,60,45,35,18
56,61,46,35,18
57,55,47,34,18
50,61,52,37,18
47,62,51,41,18
41,66,49,37,18
47,68,50,42,18
47,67,51,41,18
47,65,53,44,18
41,68,53,39,18
39,64,47,41,18
40,54,45,39,18
42,63,50,37,18
40,57,50,35,19
40,56,43,33,19
42,54,44,36,19
44,57,44,37,19
41,60,41,36,19
40,61,49,40,19
40,59,45,38,19
39,59,49,37,19
43,61,44,41,19
45,63,48,35,19
45,64,56,43,19
51,70,54,43,19
52,70,56,43,19
42,69,50,45,19
41,70,50,40,19
41,70,50,41,19
39,70,50,44,19
42,70,52,43,19
39,61,50,41,19
35,70,50,43,19
39,67,54,40,19
45,64,55,40,19
39,64,57,42,19
37,66,51,44,19
41,65,53,42,19
35,66,52,43,19
44,65,52,41,19
49,70,68,49,19
47,70,59,49,19
50,67,59,41,19
51,67,57,43,19
44,70,49,37,19
42,70,49,42,19
37,68,58,41,19
38,70,53,37,19
44,70,60,45,19
49,70,62,40,19
52,70,54,40,19
46,70,54,41,19
46,70,58,39,19
37,70,58,47,19
33,68,49,40,19
35,66,48,39,19
39,70,55,44,19
35,69,58,40,19
47,70,56,45,19
40,69,54,43,19
49,70,54,43,19
40,70,52,37,19
47,70,57,44,19
47,70,53,46,19
43,67,56,43,19
44,70,53,41,19
47,69,50,38,19
55,70,56,38,19
43,70,52,41,19
46,70,48,45,19
42,70,51,45,19
48,68,54,37,19
47,69,58,39,19
45,70,58,44,19
42,70,52,39,19
44,70,56,48,19
37,65,54,48,19
47,70,54,46,19
48,70,50,45,19
41,70,55,43,19
44,70,52,43,19
46,70,52,46,19
53,70,53,44,19
46,70,52,45,19
46,68,50,45,19
54,67,47,42,19
48,67,53,42,19
55,69,50,41,19
51,65,54,41,19
46,68,50,43,19
47,70,53,40,19
47,69,55,38,19
47,65,50,39,1
44,70,49,38,1
47,66,51,38,1
49,63,53,46,1
52,70,52,39,1
46,70,66,49,1
38,70,64,42,1
40,70,55,45,1
40,68,54,48,1
39,66,53,48,1
39,70,53,46,1
37,52,50,46,1
40,70,56,46,1
37,70,55,44,1
38,70,52,47,1
36,65,54,46,1
37,62,52,45,1
70,43,0,0,14
70,48,0,0,14
70,40,0,0,14
70,38,0,0,14
70,41,0,0,14
70,41,0,0,14
70,44,0,0,14
70,42,0,0,14
70,43,0,0,14
70,46,0,0,14
70,39,0,0,14
70,47,0,0,14
70,45,0,0,14
70,40,0,0,14
70,35,0,0,14
70,41,0,0,14
70,46,0,0,14
70,43,0,0,14
70,46,0,0,14
70,40,0,0,14
67,42,0,0,14
70,41,0,0,14
70,39,0,0,14
70,38,0,0,14
70,38,0,0,14
70,38,0,0,14
70,43,0,0,14
70,45,0,0,14
70,41,0,0,14
70,43,0,0,14
70,40,0,0,14
70,42,0,0,14
70,39,0,0,14
70,33,0,0,14
70,43,0,0,14
70,40,0,0,14
70,42,0,0,14
70,40,0,0,14
70,41,0,0,14
70,43,0,0,14
70,36,0,0,14
70,40,0,0,14
70,40,0,0,14
70,42,0,0,14
70,43,0,0,14
70,40,0,0,14
70,39,0,0,14
69,43,0,0,14
70,42,0,0,14
70,41,0,0,14
69,40,0,0,14
70,44,0,0,14
70,39,0,0,14
70,38,0,0,14
70,42,0,0,14
70,41,0,0,14
70,33,0,0,14
68,37,0,0,14
68,41,0,0,14
68,41,0,0,14
70,43,0,0,14
70,44,0,0,14
70,40,0,0,14
70,38,0,0,14
70,42,0,0,14
67,41,0,0,14
69,43,0,0,14
69,43,0,0,14
70,46,0,0,14
70,40,0,0,14
70,38,0,0,14
70,43,0,0,14
70,37,0,0,14
70,44,0,0,14
70,43,0,0,14
70,41,23,0,14
70,48,23,0,14
70,55,0,0,15
70,53,0,0,15
70,39,0,0,15
70,57,38,0,15
69,54,38,0,15
70,55,29,27,15
70,56,29,28,15
70,56,29,28,15
70,47,29,28,15
70,51,29,24,15
70,52,35,24,15
70,55,35,29,15
70,56,35,29,15
70,55,35,29,15
70,52,38,29,15
70,55,38,29,15
69,47,38,29,15
70,56,38,29,15
70,55,38,29,15
70,55,38,26,15
70,54,38,26,15
70,53,38,28,15
70,53,38,24,15
70,55,38,24,15
70,57,39,24,15
70,51,39,26,15
68,53,39,26,15
70,55,39,26,15
70,54,39,26,15
70,49,39,26,15
70,51,39,26,15
70,59,35,26,15
70,56,35,30,15
41,70,55,0,2
43,70,53,46,2
38,69,55,44,2
39,70,56,42,2
36,70,58,47,2
38,67,52,48,2
36,69,62,46,2
39,67,54,38,2
36,67,56,38,2
33,68,55,44,2
39,70,54,47,2
37,70,60,45,2
40,69,54,51,2
39,70,54,42,2
38,65,59,45,2
40,70,55,41,2
34,70,53,49,2
43,69,60,49,2
41,69,63,49,2
32,70,55,46,2
39,68,52,46,2
40,70,59,43,2
38,67,55,47,2
35,70,52,45,2
40,70,53,44,2
42,70,59,43,2
35,66,56,43,2
35,69,60,43,2
34,68,53,51,2
38,70,54,49,2
34,65,61,43,2
29,70,53,48,2
0,0,0,0,2
38,67,0,45,3
32,63,54,45,3
35,64,57,47,3
33,67,60,47,3
26,70,60,48,3
30,68,61,44,3
36,68,58,48,3
33,63,52,47,3
34,66,58,48,3
37,70,60,47,3
39,64,59,47,3
40,60,56,45,3
37,65,55,47,3
38,66,60,46,3
31,66,55,45,3
38,69,56,47,3
35,67,59,49,3
35,70,60,48,3
33,68,52,50,3
24,70,59,47,3
35,67,56,46,3
27,63,55,48,3
36,69,54,51,3
37,65,56,39,3
35,70,56,52,3
33,67,54,47,3
40,62,57,51,3
36,69,56,50,3
36,64,55,50,3
30,68,53,52,3
29,67,55,48,3
31,66,59,49,3
33,66,59,50,3
32,68,60,51,3
36,67,55,49,3
29,69,54,48,3
28,70,58,48,3
32,69,56,47,3
32,70,58,51,3
35,70,58,47,3
31,67,59,49,3
37,66,53,52,3
36,70,57,47,3
32,68,60,50,3
36,67,54,50,3
32,70,56,47,3
32,70,55,42,3
39,67,54,43,3
35,70,54,43,3
36,70,55,47,3
33,67,55,45,3
27,68,51,48,3
29,70,54,49,3
29,70,48,48,3
28,70,50,47,3
32,70,48,46,3
30,70,54,48,3
38,69,60,47,3
28,68,51,50,3
37,67,61,43,3
37,67,59,43,3
30,69,59,45,3
33,68,52,48,3
36,69,52,51,3
34,70,52,48,3
29,69,53,43,3
29,65,54,45,3
34,70,50,49,3
35,67,53,46,3
35,68,58,46,3
28,66,53,48,3
34,68,56,48,3
32,70,56,48,3
30,70,57,47,3
28,60,0,48,4
24,60,53,49,4
24,61,55,52,4
24,62,55,48,4
30,62,59,48,4
36,70,58,46,4
34,70,56,49,4
30,67,55,47,4
32,69,54,46,4
32,70,57,43,4
30,68,51,53,4
30,61,56,50,4
35,70,48,48,4
32,70,61,44,4
31,70,58,47,4
36,70,58,49,4
31,67,58,53,4
31,68,58,45,4
31,70,51,45,4
33,70,57,44,4
30,70,53,49,4
35,59,51,45,4
34,70,50,44,4
35,70,53,44,4
27,68,55,50,4
34,64,55,50,4
31,61,54,49,4
32,59,55,50,4
33,54,56,53,4
34,61,53,46,4
34,61,55,51,4
33,64,53,51,4
32,61,54,50,4
33,66,53,51,4
32,67,53,52,4
33,54,52,48,4
29,65,52,49,4
31,56,52,51,4
31,68,53,51,4
25,62,52,49,4
30,65,53,49,4
29,66,50,53,4
30,67,53,50,4
30,63,53,51,4
31,65,50,50,4
30,68,51,49,4
30,65,55,49,4
31,66,54,51,4
33,63,53,52,4
31,62,53,52,4
31,64,49,54,4
29,61,53,48,4
30,64,48,53,4
29,66,54,51,4
33,63,54,52,4
30,63,50,51,4
32,65,53,50,4
34,65,52,50,4
34,65,50,51,4
30,65,50,53,4
32,66,57,50,4
32,67,52,51,4
32,70,55,50,4
28,70,58,50,4
33,63,56,48,4
26,66,54,48,4
26,68,54,44,5
34,63,59,49,5
25,68,53,50,5
36,64,53,53,5
35,62,53,53,5
35,60,57,50,5
39,64,56,53,5
36,66,56,52,5
31,64,57,54,5
29,68,49,55,5
25,57,57,55,5
31,63,57,56,5
31,59,53,50,5
30,64,52,50,5
32,67,52,48,5
36,66,58,49,5
38,68,60,50,5
36,69,56,49,5
32,64,56,50,5
31,67,57,51,5
31,64,58,53,5
29,64,56,56,5
25,63,55,55,5
25,65,57,54,5
31,61,56,56,5
34,63,56,56,5
35,62,56,56,5
33,67,53,56,5
34,67,55,56,5
34,67,51,50,5
30,59,51,54,5
38,61,55,54,5
32,65,57,50,5
24,63,62,47,5
36,64,60,50,5
35,68,53,50,5
30,63,50,50,5
31,67,54,50,5
31,68,49,52,5
29,65,55,53,5
31,64,49,51,5
33,63,51,48,5
31,68,57,51,5
32,67,57,49,5
29,68,59,47,5
34,68,53,52,5
35,63,53,52,5
26,61,63,49,5
31,64,67,49,5
28,65,62,49,5
28,67,63,54,5
28,65,65,55,5
33,65,63,53,5
36,67,60,52,5
30,64,60,50,5
36,67,57,48,5
37,70,60,48,5
32,70,60,55,5
31,70,66,51,5
35,64,58,50,5
31,66,54,49,5
31,65,53,50,5
35,65,59,53,5
29,68,61,52,5
29,67,62,53,5
26,66,62,53,5
33,64,58,54,5
33,67,57,51,5
32,65,61,51,5
33,69,62,49,5
35,67,56,52,5
27,67,56,50,5
25,68,56,50,5
31,67,56,53,5
34,70,63,48,5
37,70,62,54,5
37,68,59,53,5
34,49,36,0,9
43,51,29,48,9
45,49,29,50,9
42,47,29,52,9
42,48,35,53,9
41,49,35,50,9
40,50,35,52,9
39,48,35,53,9
42,49,35,54,9
41,46,32,50,9
40,49,32,51,9
41,48,32,51,9
40,50,32,50,9
42,48,29,47,9
41,48,29,53,9
39,49,29,51,9
36,49,29,51,9
39,45,29,52,9
41,48,32,52,9
39,47,32,50,9
40,49,32,51,9
36,47,32,51,9
42,47,32,50,9
37,47,32,48,9
43,50,32,49,9
40,49,32,47,9
41,52,33,47,9
41,50,33,47,9
42,52,33,47,9
42,51,33,47,9
40,52,33,47,9
43,51,33,47,9
42,47,33,51,9
39,47,33,50,9
44,47,33,48,9
46,52,33,47,9
43,46,33,47,9
39,44,33,51,9
44,43,33,48,9
40,41,33,48,9
42,43,33,47,9
42,40,33,44,9
42,42,31,47,9
40,42,31,47,9
38,42,31,48,9
43,45,31,48,9
42,44,34,44,9
44,45,34,45,9
40,45,34,48,9
40,43,34,43,9
46,44,34,47,9
46,47,34,47,9
34,43,34,47,9
39,47,34,47,9
43,47,34,49,9
42,45,34,46,9
42,42,34,46,9
44,43,34,46,9
48,43,34,42,9
44,44,34,48,9
46,43,34,44,9
46,42,34,46,9
45,44,34,43,9
48,43,34,45,9
43,46,34,44,9
44,46,34,45,9
37,48,34,45,9
40,44,34,49,9
41,41,0,46,9
40,40,0,43,9
41,49,0,43,9
39,45,0,42,9
36,43,0,42,9
43,43,0,49,9
38,48,31,44,9
39,44,31,44,9
43,45,31,44,9
43,39,26,46,9
41,44,26,45,9
39,43,26,47,9
43,46,26,44,9
43,45,26,44,9
42,46,26,47,9
46,45,26,47,9
43,44,26,43,9
44,44,26,45,9
42,39,26,45,9
43,41,26,42,9
44,44,30,43,9
45,42,30,44,9
45,41,30,44,9
46,44,30,44,9
46,46,30,44,9
45,43,30,43,9
44,41,30,44,9
43,44,30,44,9
44,47,30,47,9
44,44,30,40,9
42,48,30,47,9
44,45,36,48,9
51,44,35,50,9
44,44,35,49,9
44,47,35,50,9
44,48,35,50,9
49,52,35,46,9
48,46,35,45,9
44,49,35,45,9
42,50,35,45,9
49,45,35,45,9
49,46,35,47,9
46,48,35,41,9
